Nombre del emprendimiento,Asistencia,Dia,Hora Entrada,Hora Salida
academia pre  universitaria  virtual ALTO NIVEL,NO,,,
TOGO,NO,,,
t-mensajeo,NO,,,
SocialTEC,NO,,,
ALTERNATIVAS SOSTENIBLES PARA EL TRATAMIENTO DE AGUAS RESIDUALES INDUSTRIALES MEDIANTE EL USO DE HUMEDALES CONSTRUIDOS,NO,,,
PapayaHR,NO,,,
Green Car Simulator,NO,,,
YucaO2,NO,,,
AllynCose,NO,,,
Sculptor.cc,NO,,,
TURISMO VIVENCIAL,NO,,,
29683967,NO,,,
cucharas y tazas comestibles,NO,,,
AirNova,NO,,,
DR: GREEN PHAMPA,NO,,,
Grupo Geagreen,NO,,,
Gemelas MPH,NO,,,
TECNOLOGÍA E INNOVACIÓN EN LA CONSTRUCCIÓN,NO,,,
"TARWIN, Antojos que Alimentan",NO,,,
VIVE TU CARRERA AHORA,NO,,,
TUTU,NO,,,
Myco-ladrillos,NO,,,
lowprovider.com,NO,,,
Safe Paths,NO,,,
Melenia,NO,,,
Aceites esenciales Olimpo,NO,,,
SCENTINET INNOVACIÓN Y PROSPECTIVA,NO,,,
Renuevate,NO,,,
GII MEDICAL TECHNOLOGIES,NO,,,
Anonidioma,NO,,,
Chocolates Caplina,NO,,,
Galletas de Chaco,NO,,,
Cápsulas de vida,NO,,,
"Moda,diseño y sublimacion VALERO",NO,,,
Sticks ICE,NO,,,
JÚPITER,NO,,,
PADIS,NO,,,
Abono Green Peace,NO,,,
NUTRIALIVIO,NO,,,
"IMPORTACION, VENTA Y APLICACION DE RECUBRIMIENTOS POLIMERICOS APLICABLES EN INDUSTRIA ",NO,,,
HOGAR LIMPIO JAM,NO,,,
Centro de Flotación Sensory,NO,,,
Alimentacion saludable y nutritiva del Colca para ti,NO,,,
HealthyWorld,NO,,,
C.N.E.(Creando un Nuevo Ecosistema),NO,,,
JAKU,SI,2020-02-10,8:37:02,8:37:10
